id,make,model,year,color
1,Chevrolet,Caprice,1991,Khaki
2,Kia,Rio,2007,Indigo
3,GMC,Suburban 2500,1997,Khaki
4,Mercedes-Benz,CLK-Class,2006,Puce
5,Toyota,Corolla,1993,Khaki
6,Chrysler,Sebring,1997,Violet
7,Lincoln,Navigator,2007,Goldenrod
8,Plymouth,Sundance,1993,Turquoise
9,Jeep,Grand Cherokee,2005,Khaki
10,GMC,Yukon XL 1500,2003,Turquoise
11,Dodge,Ram Van B350,1994,Maroon
12,Acura,Vigor,1994,Khaki
13,Nissan,Frontier,1998,Violet
14,Toyota,MR2,2005,Fuscia
15,Mercedes-Benz,CL-Class,2007,Mauv
16,Acura,TL,1995,Violet
17,Mitsubishi,Lancer Evolution,2004,Khaki
18,Ford,Crown Victoria,2007,Violet
19,Mazda,Mazda5,2012,Fuscia
20,Bentley,Continental Flying Spur,2009,Violet
21,Mazda,929,1993,Goldenrod
22,Toyota,Previa,1996,Mauv
23,Ford,F150,2009,Purple
24,Bugatti,Veyron,2011,Fuscia
25,Porsche,911,2005,Turquoise
26,Infiniti,G,2009,Violet
27,Mitsubishi,Outlander,2004,Teal
28,Chevrolet,Venture,2002,Maroon
29,Toyota,Celica,2004,Aquamarine
30,Chevrolet,Suburban 1500,1995,Yellow
31,Chevrolet,Aveo,2005,Purple
32,Lincoln,Continental,1988,Red
33,Infiniti,M,2004,Maroon
34,Toyota,Celica,2005,Orange
35,Mitsubishi,Montero,2005,Fuscia
36,Mitsubishi,Diamante,1998,Puce
37,Jeep,Cherokee,1994,Yellow
38,GMC,Vandura 1500,1994,Green
39,Toyota,Prius,2011,Violet
40,Toyota,Corolla,1994,Blue
41,Dodge,Dakota Club,2006,Violet
42,Lincoln,Town Car,1990,Yellow
43,BMW,M Roadster,2008,Puce
44,Lexus,LX,2007,Crimson
45,Mercedes-Benz,CLK-Class,1998,Maroon
46,Cadillac,Catera,2000,Violet
47,Mazda,B-Series Plus,1995,Yellow
48,Dodge,Neon,2003,Red
49,Porsche,Panamera,2010,Fuscia
50,GMC,Savana 3500,2007,Fuscia
51,Dodge,Ram 1500,2001,Yellow
52,Nissan,Sentra,1994,Maroon
53,Dodge,Stratus,2006,Orange
54,Ford,Expedition,2011,Puce
55,GMC,Jimmy,1997,Indigo
56,Porsche,911,2006,Violet
57,Mazda,Tribute,2002,Green
58,GMC,2500 Club Coupe,1993,Crimson
59,Chevrolet,Suburban 2500,1993,Indigo
60,GMC,Yukon XL 1500,2013,Puce
61,Ford,Contour,2000,Teal
62,Toyota,Tacoma,1995,Red
63,Ford,Aerostar,1994,Mauv
64,Pontiac,GTO,1972,Crimson
65,Infiniti,QX,1997,Teal
66,Mitsubishi,Eclipse,2005,Maroon
67,Toyota,Matrix,2008,Turquoise
68,Mitsubishi,L300,1987,Orange
69,Mitsubishi,Pajero,1999,Yellow
70,GMC,Envoy,2005,Goldenrod
71,GMC,Envoy,2006,Pink
72,Nissan,Sentra,1992,Orange
73,Infiniti,G,1993,Crimson
74,GMC,Safari,2004,Aquamarine
75,Dodge,Ram 2500,2007,Khaki
76,Volvo,S60,2004,Red
77,Toyota,RAV4,2005,Turquoise
78,Ferrari,599 GTB Fiorano,2010,Indigo
79,Chevrolet,Cobalt,2005,Mauv
80,Mercury,Milan,2010,Violet
81,Volvo,V40,2000,Red
82,Dodge,Stratus,2006,Goldenrod
83,Mercedes-Benz,E-Class,1998,Fuscia
84,Mercedes-Benz,C-Class,2001,Indigo
85,Chevrolet,Suburban 1500,1996,Fuscia
86,Ford,Focus ST,2013,Orange
87,Land Rover,Range Rover,1992,Violet
88,Dodge,Grand Caravan,2010,Red
89,Chevrolet,Uplander,2008,Blue
90,Toyota,Avalon,1996,Red
91,Dodge,Ram 2500 Club,1999,Yellow
92,Mazda,626,1996,Red
93,Mazda,MPV,1991,Green
94,Oldsmobile,LSS,1998,Pink
95,Volvo,V50,2009,Indigo
96,Mitsubishi,Diamante,2000,Green
97,Lexus,SC,1993,Indigo
98,Chevrolet,Uplander,2007,Red
99,Toyota,4Runner,2007,Indigo
100,Toyota,Celica,2005,Blue
101,GMC,1500 Club Coupe,1994,Green
102,Cadillac,Fleetwood,1992,Puce
103,Subaru,Legacy,1992,Green
104,Acura,RL,1997,Khaki
105,Chrysler,Sebring,2005,Teal
106,Ford,Bronco,1984,Goldenrod
107,Chevrolet,Blazer,1997,Yellow
108,Nissan,Maxima,2009,Orange
109,Ford,Mustang,1988,Pink
110,Hummer,H2,2007,Turquoise
111,Aston Martin,V8 Vantage,2007,Purple
112,Toyota,4Runner,2003,Indigo
113,GMC,Yukon XL 2500,2003,Teal
114,Bentley,Continental GT,2010,Crimson
115,Mazda,Mazda6,2010,Turquoise
116,Mazda,MX-5,2006,Red
117,Cadillac,Eldorado,1996,Mauv
118,Maserati,Spyder,2002,Turquoise
119,Honda,Passport,1997,Khaki
120,Saturn,Sky,2008,Orange
121,Suzuki,Sidekick,1993,Fuscia
122,Mazda,Miata MX-5,2002,Goldenrod
123,Isuzu,Axiom,2003,Yellow
124,Toyota,Camry Hybrid,2010,Blue
125,Dodge,Stealth,1992,Teal
126,Subaru,Impreza,1996,Violet
127,Subaru,Leone,1988,Teal
128,Subaru,Outback,2006,Goldenrod
129,Mazda,RX-7,1994,Pink
130,Isuzu,Rodeo,1992,Mauv
131,BMW,530,2002,Violet
132,Subaru,BRZ,2013,Maroon
133,BMW,7 Series,2009,Khaki
134,Suzuki,SJ,1991,Purple
135,GMC,Yukon XL 2500,2004,Green
136,Saturn,Aura,2009,Pink
137,Buick,Century,1993,Red
138,Audi,A4,2000,Purple
139,Chrysler,Town & Country,2007,Blue
140,Pontiac,Firebird Trans Am,1986,Yellow
141,Chrysler,New Yorker,1996,Violet
142,Ford,Mustang,2005,Green
143,Jeep,Wrangler,1995,Orange
144,Chevrolet,Impala,1996,Aquamarine
145,Oldsmobile,LSS,1998,Aquamarine
146,Bentley,Arnage,2009,Khaki
147,Volkswagen,Golf,1989,Pink
148,Cadillac,Escalade ESV,2003,Puce
149,Ford,Taurus,1996,Purple
150,Chevrolet,1500,1997,Indigo
151,Audi,V8,1991,Green
152,Ford,Ranger,2001,Mauv
153,Chevrolet,SSR,2006,Maroon
154,Fiat,500,2012,Maroon
155,Subaru,XT,1986,Goldenrod
156,Toyota,Highlander,2005,Goldenrod
157,Mazda,Protege,1998,Maroon
158,Pontiac,Grand Prix,1994,Fuscia
159,Mitsubishi,Lancer Evolution,2010,Red
160,Ford,Freestar,2006,Green
161,Suzuki,Swift,1997,Aquamarine
162,Honda,S2000,2003,Orange
163,Toyota,MR2,2005,Red
164,GMC,Sonoma Club Coupe,1995,Green
165,Jaguar,X-Type,2003,Green
166,Aston Martin,V8 Vantage,2011,Fuscia
167,Toyota,Corolla,1992,Orange
168,Volkswagen,Fox,1992,Teal
169,Land Rover,Freelander,2001,Crimson
170,GMC,Sonoma,1996,Violet
171,Dodge,Ram 1500,2000,Orange
172,Ferrari,California,2009,Purple
173,Dodge,Ram Wagon B350,1993,Maroon
174,Maserati,Quattroporte,2008,Teal
175,Dodge,D150 Club,1992,Green
176,Chrysler,Sebring,2008,Green
177,GMC,Sonoma,1992,Goldenrod
178,Lexus,LS,2008,Fuscia
179,Acura,TL,1997,Aquamarine
180,Chevrolet,Camaro,1974,Maroon
181,Dodge,Durango,1999,Teal
182,Toyota,Celica,1984,Maroon
183,Ford,Explorer Sport Trac,2004,Maroon
184,Ford,E-Series,1991,Puce
185,Maserati,430,1991,Aquamarine
186,Porsche,928,1985,Purple
187,Toyota,Venza,2010,Teal
188,Acura,Legend,1988,Teal
189,Volkswagen,Routan,2011,Green
190,Ford,Transit Connect,2012,Red
191,Merkur,XR4Ti,1985,Pink
192,Lincoln,Town Car,1985,Turquoise
193,Mercedes-Benz,600SL,1993,Red
194,Hyundai,Sonata,1994,Orange
195,Dodge,Dakota Club,1994,Yellow
196,Ford,Bronco II,1990,Pink
197,Dodge,Ram 3500,2004,Orange
198,Porsche,Boxster,2004,Goldenrod
199,Studebaker,Avanti,1962,Purple
200,Chevrolet,Monte Carlo,2000,Turquoise
201,Chevrolet,Silverado Hybrid,2006,Violet
202,Chrysler,LHS,1995,Yellow
203,Dodge,Intrepid,2003,Khaki
204,Nissan,Maxima,2009,Turquoise
205,Aston Martin,DB9,2007,Red
206,Nissan,Maxima,2004,Pink
207,Mazda,MPV,2003,Orange
208,Chevrolet,Malibu,1998,Blue
209,Mitsubishi,Cordia,1986,Yellow
210,Audi,A4,2001,Blue
211,Maserati,Biturbo,1986,Puce
212,Ford,Freestar,2006,Purple
213,Dodge,Avenger,1999,Crimson
214,Volkswagen,CC,2009,Orange
215,Suzuki,Swift,2004,Indigo
216,Isuzu,Amigo,1994,Indigo
217,Nissan,Quest,1993,Mauv
218,Nissan,NX,1992,Indigo
219,Chevrolet,G-Series G30,1993,Blue
220,Mercedes-Benz,SL-Class,2000,Aquamarine
221,Cadillac,Escalade,2011,Orange
222,Mitsubishi,Excel,1989,Blue
223,Chevrolet,G-Series 2500,1998,Goldenrod
224,Cadillac,Escalade ESV,2005,Mauv
225,GMC,Yukon XL 1500,2009,Violet
226,Suzuki,SJ,1995,Teal
227,Maserati,Coupe,2006,Orange
228,GMC,Savana 3500,2009,Goldenrod
229,Chrysler,New Yorker,1993,Teal
230,BMW,X5,2009,Indigo
231,Volkswagen,GTI,1986,Indigo
232,Toyota,Tacoma Xtra,1996,Puce
233,Mercedes-Benz,S-Class,1999,Turquoise
234,Kia,Rio,2004,Pink
235,Toyota,Camry Hybrid,2008,Puce
236,Mitsubishi,Lancer,2001,Indigo
237,Mitsubishi,Outlander Sport,2011,Turquoise
238,Ford,E250,2004,Violet
239,Chevrolet,Tahoe,2002,Purple
240,Toyota,Solara,2005,Goldenrod
241,Mitsubishi,Outlander,2004,Blue
242,GMC,2500 Club Coupe,1995,Khaki
243,Dodge,Ram 1500 Club,1995,Pink
244,Dodge,Viper RT/10,1994,Violet
245,Suzuki,Verona,2006,Indigo
246,Mercedes-Benz,400SEL,1993,Maroon
247,Chevrolet,Suburban 1500,2009,Puce
248,Mercury,Tracer,1996,Puce
249,Acura,MDX,2012,Mauv
250,Ford,F-Series,2006,Mauv
251,Porsche,928,1994,Puce
252,Dodge,Ram Van 1500,1997,Orange
253,Chrysler,300,2012,Orange
254,Ford,Probe,1993,Aquamarine
255,Honda,Odyssey,2006,Aquamarine
256,Hyundai,Accent,1995,Blue
257,Hyundai,Santa Fe,2012,Purple
258,Cadillac,Eldorado,1992,Pink
259,Suzuki,SX4,2007,Yellow
260,Chevrolet,APV,1992,Blue
261,Mercedes-Benz,500SEL,1993,Purple
262,Ford,Econoline E250,1993,Crimson
263,Mercedes-Benz,G-Class,2003,Yellow
264,Ford,Escort,1995,Crimson
265,Mercury,Sable,1991,Red
266,Ford,Fiesta,2012,Red
267,Lamborghini,Diablo,1993,Puce
268,Ford,Tempo,1984,Green
269,Land Rover,Defender,1992,Indigo
270,Chevrolet,Impala,2011,Red
271,Chevrolet,Impala,2008,Crimson
272,Bugatti,Veyron,2009,Mauv
273,Lexus,RX,2000,Goldenrod
274,Jeep,Patriot,2011,Red
275,Maserati,Gran Sport,2005,Blue
276,Mercedes-Benz,SLR McLaren,2005,Yellow
277,Volkswagen,Cabriolet,1998,Violet
278,Mercedes-Benz,CLS-Class,2009,Maroon
279,Chevrolet,Silverado,2006,Purple
280,Maybach,57,2006,Blue
281,Jaguar,XJ,2011,Puce
282,Toyota,MR2,2002,Goldenrod
283,Dodge,Charger,1970,Puce
284,BMW,3 Series,1992,Teal
285,Cadillac,Catera,1998,Purple
286,Bentley,Mulsanne,2012,Khaki
287,Plymouth,Grand Voyager,1994,Fuscia
288,Cadillac,Catera,1999,Puce
289,Jeep,Grand Cherokee,1994,Violet
290,Mitsubishi,Chariot,1989,Yellow
291,Jensen,Interceptor,1967,Indigo
292,Saab,9000,1995,Indigo
293,Land Rover,Range Rover,1999,Fuscia
294,Volkswagen,Cabriolet,1990,Green
295,Ram,2500,2012,Red
296,Buick,Electra,1986,Maroon
297,Pontiac,Sunfire,1995,Purple
298,Chevrolet,Classic,2005,Pink
299,Merkur,XR4Ti,1985,Orange
300,Porsche,Cayman,2007,Mauv
301,Mercury,Grand Marquis,1995,Mauv
302,Volkswagen,Fox,1988,Violet
303,Dodge,Ram Van B350,1993,Purple
304,Hummer,H3,2008,Red
305,Mazda,MX-5,1991,Fuscia
306,Dodge,Ram 2500,2008,Mauv
307,Infiniti,EX,2012,Mauv
308,Dodge,Ram 3500,1995,Aquamarine
309,Volvo,S80,2009,Red
310,Mercury,Mariner,2011,Blue
311,Chevrolet,Express 1500,2002,Indigo
312,Dodge,D150 Club,1992,Fuscia
313,Cadillac,STS,2011,Red
314,Audi,S4,2006,Violet
315,Dodge,Omni,1978,Mauv
316,Volkswagen,GTI,2007,Orange
317,Oldsmobile,Cutlass Supreme,1995,Crimson
318,Dodge,Caravan,2003,Khaki
319,Ford,Bronco,1991,Crimson
320,Mitsubishi,Cordia,1984,Mauv
321,Ferrari,458 Italia,2011,Purple
322,Mitsubishi,Sigma,1990,Yellow
323,Mercedes-Benz,S-Class,1985,Crimson
324,Porsche,Boxster,2011,Orange
325,Saturn,S-Series,1993,Indigo
326,BMW,3 Series,1992,Blue
327,Volkswagen,Golf,1994,Indigo
328,Isuzu,Hombre,2000,Orange
329,Geo,Tracker,1995,Violet
330,Ford,Tempo,1989,Teal
331,Nissan,Pathfinder,1996,Teal
332,Dodge,Sprinter,2009,Maroon
333,Eagle,Talon,1996,Red
334,Hyundai,Accent,1999,Teal
335,Chrysler,200,2012,Goldenrod
336,Volvo,S60,2007,Fuscia
337,Mitsubishi,Montero,1995,Crimson
338,Subaru,Loyale,1991,Mauv
339,Toyota,Sienna,2003,Mauv
340,Jaguar,XK Series,2013,Blue
341,Chevrolet,Cavalier,2000,Indigo
342,Infiniti,J,1993,Blue
343,Mitsubishi,Eclipse,1993,Blue
344,Subaru,Impreza,2007,Puce
345,Mercury,Mystique,2000,Turquoise
346,Chevrolet,Avalanche,2010,Violet
347,Ford,Thunderbird,1994,Green
348,BMW,7 Series,2010,Khaki
349,Dodge,Ram Van 3500,1997,Fuscia
350,Dodge,Ram 2500,1999,Khaki
351,Infiniti,QX,2004,Green
352,Isuzu,Axiom,2003,Crimson
353,BMW,750,2006,Goldenrod
354,Chevrolet,1500,1998,Aquamarine
355,Lexus,RX Hybrid,2012,Aquamarine
356,Acura,TL,2010,Turquoise
357,Lexus,IS,2004,Indigo
358,Chrysler,LHS,2000,Pink
359,Hyundai,Tiburon,2006,Purple
360,Infiniti,G,2001,Turquoise
361,Mitsubishi,Galant,2000,Crimson
362,Mazda,B-Series,2004,Violet
363,Porsche,Panamera,2010,Fuscia
364,Chevrolet,TrailBlazer,2008,Green
365,Pontiac,Grand Prix,1998,Orange
366,Ford,F250,1997,Violet
367,Hyundai,Santa Fe,2012,Blue
368,BMW,X3,2011,Orange
369,Volvo,V40,2003,Purple
370,Dodge,Ram Van B350,1994,Pink
371,Chrysler,Pacifica,2007,Yellow
372,Mitsubishi,Diamante,1993,Blue
373,Isuzu,Hombre Space,1999,Mauv
374,Bentley,Continental GT,2012,Violet
375,Chevrolet,Express 3500,2002,Yellow
376,Buick,Regal,1987,Yellow
377,Ford,F150,2010,Goldenrod
378,Honda,Odyssey,2000,Red
379,Chevrolet,Monte Carlo,1973,Blue
380,Land Rover,Discovery,2008,Green
381,Toyota,Corolla,2007,Aquamarine
382,Toyota,Camry,2012,Turquoise
383,Honda,Passport,1997,Fuscia
384,Scion,xB,2004,Violet
385,Audi,A4,1997,Red
386,Honda,Prelude,1995,Maroon
387,Volvo,C70,1999,Teal
388,Cadillac,Fleetwood,1992,Pink
389,Mercury,Grand Marquis,2002,Maroon
390,Volvo,850,1997,Goldenrod
391,Isuzu,Ascender,2003,Turquoise
392,Saturn,Outlook,2008,Indigo
393,Toyota,Sienna,2008,Fuscia
394,Chevrolet,Malibu,1997,Goldenrod
395,Chevrolet,Corvette,1997,Aquamarine
396,Toyota,Sienna,2010,Green
397,Kia,Sephia,1994,Puce
398,Chrysler,Sebring,2006,Yellow
399,Oldsmobile,Bravada,1994,Khaki
400,Ford,Crown Victoria,1999,Crimson
401,Toyota,Corolla,2003,Blue
402,Porsche,Boxster,1999,Yellow
403,Cadillac,Seville,1998,Puce
404,Honda,Fit,2011,Maroon
405,Cadillac,CTS,2003,Blue
406,Chevrolet,Caprice,1991,Puce
407,BMW,325,2004,Violet
408,Porsche,944,1984,Crimson
409,Chevrolet,Blazer,1996,Khaki
410,Chevrolet,Silverado 3500,2003,Pink
411,Ford,Crown Victoria,1997,Puce
412,Maybach,Landaulet,2011,Aquamarine
413,Mazda,B-Series Plus,2003,Mauv
414,Mazda,626,1990,Violet
415,Alfa Romeo,Spider,1994,Turquoise
416,Porsche,911,1990,Red
417,Dodge,Magnum,2008,Puce
418,Dodge,Ram 2500 Club,1995,Orange
419,Volvo,960,1992,Blue
420,Dodge,Charger,2008,Khaki
421,Toyota,Camry,1999,Teal
422,Hyundai,Tiburon,1998,Turquoise
423,Lamborghini,Gallardo,2011,Teal
424,Honda,Accord Crosstour,2010,Orange
425,Dodge,Durango,2002,Aquamarine
426,Mercedes-Benz,M-Class,2003,Blue
427,Pontiac,Sunbird,1987,Maroon
428,Toyota,Matrix,2006,Mauv
429,Pontiac,Grand Prix,1980,Green
430,Daewoo,Leganza,2000,Blue
431,Audi,S6,2007,Blue
432,Mazda,Mazdaspeed6,2006,Aquamarine
433,Toyota,FJ Cruiser,2008,Maroon
434,Toyota,Sequoia,2008,Fuscia
435,Rolls-Royce,Phantom,2010,Fuscia
436,Ferrari,458 Italia,2011,Goldenrod
437,Mercedes-Benz,E-Class,2006,Fuscia
438,Toyota,Camry,2001,Purple
439,Maybach,62,2010,Violet
440,Dodge,Journey,2009,Turquoise
441,Chevrolet,Tracker,2000,Fuscia
442,Dodge,Ram 1500,1999,Puce
443,Mercury,Capri,1991,Purple
444,Mitsubishi,Expo,1994,Blue
445,Acura,Integra,1996,Green
446,BMW,745,2005,Purple
447,GMC,Suburban 1500,1996,Khaki
448,Mazda,626,1986,Maroon
449,Honda,Odyssey,2011,Fuscia
450,Ford,Freestyle,2007,Khaki
451,Dodge,Viper,1996,Aquamarine
452,Mercedes-Benz,SL-Class,1999,Maroon
453,Acura,Legend,1989,Maroon
454,Volkswagen,Fox,1992,Blue
455,Chevrolet,Express 2500,1997,Crimson
456,Volvo,S60,2011,Goldenrod
457,Chrysler,PT Cruiser,2003,Mauv
458,Buick,Coachbuilder,1992,Fuscia
459,Ford,Thunderbird,1996,Mauv
460,Ford,Flex,2012,Turquoise
461,Kia,Soul,2012,Indigo
462,Hyundai,Excel,1994,Crimson
463,Jaguar,XF,2011,Maroon
464,Morgan,Aero 8,2008,Mauv
465,Toyota,Sequoia,2004,Khaki
466,Chevrolet,Malibu,2009,Pink
467,Audi,5000CS,1987,Pink
468,Acura,SLX,1996,Orange
469,Ford,Focus,2013,Indigo
470,Toyota,Camry,1993,Purple
471,Volkswagen,GTI,1986,Blue
472,Suzuki,Samurai,1992,Green
473,Hummer,H2,2008,Blue
474,Porsche,944,1988,Blue
475,Land Rover,Range Rover,2005,Turquoise
476,Geo,Tracker,1997,Red
477,Lincoln,Town Car,1996,Orange
478,Chrysler,Town & Country,2001,Khaki
479,Chevrolet,Astro,1993,Teal
480,Lincoln,Continental,1993,Green
481,Dodge,Grand Caravan,2001,Mauv
482,Porsche,Cayenne,2004,Violet
483,Hyundai,Azera,2011,Crimson
484,Acura,CL,1998,Mauv
485,Ford,Expedition,2009,Green
486,Mercury,Mountaineer,2000,Pink
487,Buick,LeSabre,1998,Purple
488,Audi,R8,2009,Crimson
489,Pontiac,Firefly,1994,Fuscia
490,Bentley,Continental GTC,2012,Goldenrod
491,Jeep,Liberty,2011,Aquamarine
492,Chrysler,Town & Country,2010,Pink
493,Dodge,Caravan,2009,Blue
494,Mitsubishi,Galant,2011,Violet
495,Toyota,Land Cruiser,1996,Crimson
496,Dodge,Journey,2010,Puce
497,Lexus,ES,2011,Pink
498,Ford,Explorer Sport Trac,2009,Orange
499,Chevrolet,Prizm,1999,Indigo
500,Dodge,Ram Van 3500,1995,Yellow
501,Dodge,Caravan,2000,Violet
502,Chrysler,Sebring,2000,Yellow
503,Maserati,228,1990,Fuscia
504,Porsche,Cayman,2007,Teal
505,GMC,2500 Club Coupe,1997,Purple
506,Chevrolet,Silverado 1500,2012,Green
507,GMC,Sonoma Club Coupe,1993,Khaki
508,Porsche,928,1995,Purple
509,Acura,MDX,2005,Yellow
510,Cadillac,SRX,2011,Purple
511,Aston Martin,V8 Vantage,2007,Red
512,Kia,Sportage,1997,Teal
513,Mercedes-Benz,600SEL,1992,Aquamarine
514,Jaguar,S-Type,2004,Purple
515,Lexus,IS,2011,Fuscia
516,Ford,Bronco II,1990,Pink
517,Aston Martin,V8 Vantage,2006,Indigo
518,Pontiac,Grand Prix,1985,Purple
519,Honda,Accord,2007,Aquamarine
520,Chevrolet,Express 3500,1999,Khaki
521,Kia,Amanti,2008,Fuscia
522,Ford,Econoline E350,1993,Maroon
523,Pontiac,Grand Am,2003,Puce
524,Mazda,CX-9,2009,Maroon
525,Audi,A3,2007,Yellow
526,Ford,Fairlane,1966,Red
527,Audi,A6,2008,Crimson
528,Ford,E250,2009,Mauv
529,Ford,F350,1997,Fuscia
530,Lincoln,Continental,1993,Red
531,Pontiac,Sunfire,2002,Khaki
532,Chevrolet,2500,1995,Pink
533,Ford,Focus,2013,Yellow
534,Suzuki,Sidekick,1997,Orange
535,Mercury,Sable,2009,Violet
536,Lamborghini,Gallardo,2005,Pink
537,Ford,E-Series,1996,Teal
538,Mazda,MX-6,1996,Pink
539,Subaru,Legacy,2008,Goldenrod
540,Suzuki,XL7,2007,Purple
541,GMC,Yukon XL 2500,2000,Maroon
542,Ford,F-250 Super Duty,2006,Violet
543,Chevrolet,Traverse,2012,Yellow
544,BMW,8 Series,1993,Purple
545,Pontiac,Vibe,2010,Orange
546,Subaru,Legacy,1998,Turquoise
547,Volvo,V50,2005,Khaki
548,Dodge,Ram 1500 Club,1995,Indigo
549,Honda,S2000,2007,Teal
550,Mercedes-Benz,S-Class,1989,Goldenrod
551,Porsche,968,1994,Green
552,Saab,900,1989,Fuscia
553,Dodge,Charger,2009,Crimson
554,Ford,E350,2011,Violet
555,Mazda,CX-7,2009,Khaki
556,Ford,F150,2009,Green
557,Chevrolet,Caprice Classic,1996,Purple
558,Buick,Regal,2001,Purple
559,Maserati,Spyder,2005,Fuscia
560,Toyota,Sienna,2006,Pink
561,Ford,Econoline E150,2000,Fuscia
562,Buick,Verano,2012,Indigo
563,Lexus,ES,1989,Pink
564,Audi,A6,2001,Orange
565,Chevrolet,Corvette,1958,Purple
566,Bentley,Continental GTC,2007,Mauv
567,Chevrolet,Astro,1999,Red
568,Saturn,S-Series,1997,Indigo
569,Jeep,Compass,2012,Blue
570,Infiniti,QX56,2012,Purple
571,Audi,A3,2009,Orange
572,Oldsmobile,Achieva,1996,Blue
573,Plymouth,Breeze,1999,Turquoise
574,Lexus,RX,1999,Teal
575,Chevrolet,Malibu,2009,Turquoise
576,Hummer,H3,2009,Fuscia
577,Mitsubishi,Pajero,1991,Puce
578,Nissan,Xterra,2008,Turquoise
579,Pontiac,Grand Am,2004,Turquoise
580,Mitsubishi,Outlander,2008,Turquoise
581,Dodge,Sprinter,2008,Indigo
582,Dodge,Caravan,2001,Fuscia
583,Ford,E350,2005,Fuscia
584,Volkswagen,Golf,1998,Red
585,Chrysler,Aspen,2009,Khaki
586,Chevrolet,Corvette,1973,Yellow
587,Porsche,Boxster,2009,Mauv
588,Chevrolet,Prizm,2000,Red
589,Lexus,LX,2010,Mauv
590,Chevrolet,Cavalier,1998,Orange
591,Nissan,Pathfinder,2001,Crimson
592,Mazda,Protege,1994,Fuscia
593,Oldsmobile,Silhouette,1999,Crimson
594,Hyundai,Sonata,2013,Maroon
595,Rolls-Royce,Ghost,2011,Green
596,Chevrolet,Express 1500,2003,Yellow
597,Kia,Rio,2009,Pink
598,Infiniti,I,2002,Violet
599,Chevrolet,SSR,2004,Fuscia
600,Cadillac,SRX,2005,Turquoise
601,Land Rover,Range Rover,1996,Khaki
602,Chevrolet,Tahoe,2011,Red
603,Mercury,Cougar,1970,Indigo
604,Chevrolet,S10,1997,Red
605,Infiniti,QX,1999,Crimson
606,Oldsmobile,Ciera,1994,Aquamarine
607,Chrysler,LHS,1996,Turquoise
608,Mazda,Mazda6,2012,Yellow
609,Bentley,Azure,2009,Fuscia
610,Saab,9000,1997,Goldenrod
611,Jaguar,X-Type,2002,Fuscia
612,Hyundai,Accent,2007,Mauv
613,Honda,CR-V,2004,Yellow
614,GMC,Savana 3500,2009,Mauv
615,Dodge,Ram Van 3500,1996,Aquamarine
616,Kia,Sportage,2000,Purple
617,Lotus,Exige,2012,Puce
618,Ford,Mustang,1970,Orange
619,Volkswagen,Fox,1992,Red
620,Mercedes-Benz,SL-Class,1987,Blue
621,Kia,Sorento,2009,Crimson
622,Toyota,Tacoma Xtra,1998,Crimson
623,BMW,6 Series,2004,Orange
624,Audi,A6,2011,Turquoise
625,Dodge,Ram Van 2500,2003,Fuscia
626,Chevrolet,Silverado 3500,2009,Turquoise
627,Nissan,350Z Roadster,2006,Orange
628,Saab,900,1996,Indigo
629,Toyota,T100,1996,Fuscia
630,Kia,Sorento,2003,Crimson
631,Chevrolet,Corvette,1999,Yellow
632,Lexus,LX,2005,Aquamarine
633,Toyota,Highlander,2001,Pink
634,Toyota,Highlander Hybrid,2007,Fuscia
635,Subaru,Justy,1991,Pink
636,Bentley,Azure,2007,Khaki
637,Ford,Fusion,2012,Khaki
638,Jeep,Liberty,2002,Blue
639,Tesla,Model S,2012,Violet
640,Nissan,Altima,2012,Teal
641,Chevrolet,Blazer,1999,Khaki
642,Mercedes-Benz,SLS AMG,2011,Orange
643,Pontiac,Grand Am,2003,Turquoise
644,Mitsubishi,Outlander,2006,Pink
645,Pontiac,Tempest,1967,Turquoise
646,BMW,6 Series,2009,Fuscia
647,Hyundai,Excel,1993,Pink
648,Cadillac,SRX,2012,Violet
649,Jaguar,XK,2006,Goldenrod
650,Mercedes-Benz,300SL,1993,Khaki
651,Chevrolet,Impala,1994,Fuscia
652,Infiniti,G,2010,Fuscia
653,Isuzu,Trooper,1998,Indigo
654,Suzuki,Reno,2008,Teal
655,Suzuki,Forenza,2006,Violet
656,Mitsubishi,Montero,1999,Indigo
657,Suzuki,Swift,1993,Red
658,Volvo,V70,1998,Goldenrod
659,Chevrolet,S10 Blazer,1993,Fuscia
660,Land Rover,Range Rover,2008,Violet
661,Audi,5000S,1985,Blue
662,Lexus,SC,2003,Indigo
663,Audi,RS 4,2007,Green
664,Ford,LTD Crown Victoria,1991,Orange
665,Toyota,RAV4,2002,Goldenrod
666,Ford,Expedition,2010,Orange
667,Ford,Crown Victoria,2002,Goldenrod
668,Chevrolet,Express 1500,2009,Crimson
669,Nissan,Xterra,2011,Green
670,Chrysler,300,2007,Yellow
671,Mercedes-Benz,GLK-Class,2010,Blue
672,Chevrolet,Express 3500,2007,Red
673,Toyota,RAV4,2005,Goldenrod
674,Jaguar,X-Type,2005,Crimson
675,Mitsubishi,Challenger,2004,Indigo
676,Studebaker,Avanti,1964,Pink
677,Toyota,Sequoia,2005,Puce
678,Lexus,IS,2011,Goldenrod
679,Mercury,Grand Marquis,1992,Puce
680,Saab,9000,1993,Indigo
681,Volvo,S80,2003,Puce
682,Mitsubishi,Galant,2010,Goldenrod
683,Dodge,Ram,2003,Maroon
684,Chevrolet,Monte Carlo,1995,Crimson
685,Mercury,Tracer,1995,Puce
686,GMC,Sonoma,2004,Purple
687,Suzuki,SJ,1990,Purple
688,Pontiac,Firebird Formula,1999,Blue
689,Acura,RDX,2008,Fuscia
690,Maserati,430,1990,Yellow
691,Acura,NSX,1993,Orange
692,Chevrolet,Camaro,2011,Goldenrod
693,Maserati,Spyder,1990,Blue
694,Chrysler,Imperial,1992,Orange
695,Hyundai,Elantra,1997,Pink
696,Toyota,Celica,1984,Khaki
697,Saab,9-3,2009,Mauv
698,Volkswagen,GTI,1996,Blue
699,Land Rover,Range Rover,1994,Green
700,Ford,Expedition,1998,Crimson
701,Mercury,Mountaineer,1997,Yellow
702,GMC,Sierra 1500,2006,Teal
703,Chevrolet,Tahoe,2010,Purple
704,Mitsubishi,Mighty Max Macro,1994,Green
705,Suzuki,Swift,1990,Indigo
706,Isuzu,Trooper,2002,Goldenrod
707,BMW,5 Series,1999,Aquamarine
708,Volvo,C70,2006,Crimson
709,Audi,S4,2000,Puce
710,Pontiac,Grand Am,1987,Indigo
711,Lexus,ES,2001,Goldenrod
712,Volkswagen,Passat,1999,Purple
713,Chevrolet,Camaro,1970,Turquoise
714,Suzuki,SJ,1992,Khaki
715,Ford,F350,1995,Red
716,Oldsmobile,Aurora,1998,Goldenrod
717,Saturn,VUE,2004,Pink
718,Mitsubishi,Cordia,1984,Blue
719,Plymouth,Neon,2001,Teal
720,Chevrolet,Corvette,2011,Puce
721,BMW,Z4,2004,Pink
722,Chevrolet,Corvette,1998,Turquoise
723,Acura,TSX,2005,Fuscia
724,BMW,3 Series,2010,Khaki
725,Chrysler,Concorde,1995,Mauv
726,Toyota,Prius,2009,Blue
727,Ford,F250,1995,Fuscia
728,Mercedes-Benz,S-Class,1995,Red
729,Ford,F250,1997,Red
730,Suzuki,Swift,1999,Turquoise
731,Chevrolet,Colorado,2004,Mauv
732,Maserati,430,1991,Red
733,GMC,Canyon,2004,Turquoise
734,Chevrolet,Tahoe,2000,Red
735,BMW,M5,2000,Maroon
736,Chevrolet,Tahoe,2003,Goldenrod
737,Mitsubishi,Montero,2001,Turquoise
738,Mitsubishi,RVR,1994,Turquoise
739,Chevrolet,Corvair 500,1963,Blue
740,Suzuki,Equator,2009,Indigo
741,Mazda,929,1988,Mauv
742,Volkswagen,Golf,1987,Crimson
743,Lexus,LS Hybrid,2012,Goldenrod
744,Mitsubishi,Galant,2005,Fuscia
745,Toyota,Corolla,2008,Crimson
746,Mercury,Mountaineer,2008,Red
747,Ford,E-350 Super Duty Van,2006,Crimson
748,Subaru,Legacy,2008,Teal
749,Suzuki,SJ,1989,Pink
750,Pontiac,Safari,1987,Blue
751,Dodge,Charger,2010,Green
752,Mercedes-Benz,600SL,1993,Red
753,Porsche,Cayenne,2008,Indigo
754,Volvo,V70,2005,Puce
755,Smart,Fortwo,2012,Red
756,Volkswagen,Jetta,1985,Mauv
757,Honda,Fit,2008,Puce
758,Mitsubishi,Lancer,2007,Mauv
759,Ford,Escort,1986,Orange
760,Infiniti,I,1999,Goldenrod
761,Dodge,Ram Van 3500,2001,Teal
762,Mazda,Familia,1987,Red
763,Spyker,C8 Double 12 S,2006,Indigo
764,Ford,Econoline E150,1993,Red
765,Hyundai,Veracruz,2007,Turquoise
766,Chevrolet,Monte Carlo,1998,Fuscia
767,Acura,RSX,2006,Aquamarine
768,GMC,Terrain,2011,Red
769,Chevrolet,Tahoe,2006,Aquamarine
770,Ford,F250,1993,Turquoise
771,Mitsubishi,Outlander,2006,Indigo
772,Lexus,LS,2010,Orange
773,Buick,Somerset,1986,Red
774,Lincoln,Town Car,1987,Goldenrod
775,Mercedes-Benz,CLK-Class,2004,Goldenrod
776,Lexus,SC,2003,Crimson
777,Buick,Park Avenue,1998,Goldenrod
778,Jeep,Cherokee,1999,Mauv
779,Mercury,Milan,2010,Pink
780,Lotus,Exige,2007,Aquamarine
781,Chevrolet,3500,1999,Aquamarine
782,Scion,tC,2008,Goldenrod
783,Lamborghini,Countach,1987,Purple
784,Pontiac,Bonneville,1967,Purple
785,Cadillac,DTS,2007,Green
786,Mazda,626,2000,Crimson
787,Dodge,Ram 2500,2000,Purple
788,BMW,5 Series,1998,Yellow
789,Chevrolet,2500,1992,Violet
790,Dodge,Journey,2010,Turquoise
791,Chevrolet,Monte Carlo,1998,Turquoise
792,Ford,E-Series,2006,Orange
793,Isuzu,Amigo,2000,Puce
794,BMW,7 Series,2012,Violet
795,Nissan,Quest,1994,Khaki
796,Ford,F350,2008,Mauv
797,Mercedes-Benz,E-Class,2009,Khaki
798,Porsche,Boxster,2011,Puce
799,Oldsmobile,Silhouette,2002,Pink
800,Toyota,Solara,2004,Yellow
801,Suzuki,XL-7,2003,Aquamarine
802,Lotus,Elan,1990,Turquoise
803,Audi,TT,2002,Violet
804,Volvo,S40,2007,Fuscia
805,Mazda,MX-5,2007,Yellow
806,Audi,TT,2006,Turquoise
807,Chevrolet,TrailBlazer,2005,Green
808,Hyundai,Elantra,2010,Yellow
809,Suzuki,XL-7,2007,Orange
810,Toyota,Camry,2003,Crimson
811,Chevrolet,Silverado 2500,2008,Turquoise
812,Land Rover,LR2,2010,Orange
813,Hyundai,Accent,2011,Turquoise
814,Mitsubishi,3000GT,1998,Maroon
815,Toyota,Tundra,2003,Khaki
816,Dodge,Nitro,2011,Teal
817,Lincoln,Navigator L,2008,Orange
818,Plymouth,Laser,1993,Orange
819,Nissan,Maxima,1996,Aquamarine
820,Ford,Ranger,2009,Teal
821,Cadillac,DeVille,2004,Blue
822,Honda,Accord,1997,Teal
823,Geo,Metro,1996,Mauv
824,Chevrolet,Colorado,2010,Maroon
825,Mitsubishi,Galant,2010,Fuscia
826,Pontiac,Fiero,1986,Blue
827,Mazda,Miata MX-5,2001,Blue
828,Ford,Econoline E250,1997,Orange
829,Mitsubishi,Mirage,1997,Green
830,Buick,Riviera,1992,Orange
831,Toyota,Sequoia,2011,Fuscia
832,Saab,9-3,2004,Pink
833,Ford,Bronco II,1988,Teal
834,Mercury,Marquis,1985,Fuscia
835,Land Rover,LR2,2010,Fuscia
836,Chevrolet,Express 2500,1999,Green
837,Audi,A6,2006,Crimson
838,BMW,3 Series,1995,Blue
839,BMW,7 Series,1996,Maroon
840,Dodge,Charger,2009,Violet
841,Chevrolet,Corvette,1964,Pink
842,Chrysler,Voyager,2002,Indigo
843,Saab,9000,1991,Pink
844,Ford,EXP,1984,Fuscia
845,Dodge,Grand Caravan,2007,Puce
846,Aston Martin,DBS,2011,Puce
847,Mercedes-Benz,500E,1993,Crimson
848,GMC,Savana 2500,2005,Red
849,Pontiac,Sunfire,2004,Maroon
850,Pontiac,Bonneville,1993,Pink
851,Toyota,Sequoia,2011,Pink
852,Ford,E350,2008,Blue
853,Toyota,MR2,2002,Red
854,Suzuki,SX4,2011,Pink
855,Isuzu,Amigo,1999,Crimson
856,Toyota,Paseo,1995,Yellow
857,Saab,9-3,2007,Orange
858,Ford,Explorer Sport Trac,2007,Blue
859,Mazda,B-Series Plus,2003,Fuscia
860,Infiniti,FX,2010,Maroon
861,Mazda,Familia,1987,Orange
862,Hyundai,Elantra,2006,Puce
863,Audi,V8,1992,Yellow
864,BMW,M3,2010,Turquoise
865,Ford,Explorer,2000,Green
866,Toyota,Yaris,2012,Yellow
867,Subaru,Impreza,2000,Maroon
868,Dodge,Neon,2000,Yellow
869,BMW,M3,1997,Aquamarine
870,Dodge,Ram 2500 Club,1996,Green
871,Nissan,Datsun/Nissan Z-car,1990,Green
872,Audi,RS 4,2007,Aquamarine
873,Mazda,B-Series Plus,2003,Purple
874,Chevrolet,Camaro,1977,Indigo
875,Toyota,4Runner,2007,Khaki
876,Land Rover,Range Rover,1989,Khaki
877,Geo,Prizm,1996,Indigo
878,Porsche,911,2013,Aquamarine
879,Chevrolet,3500,1997,Crimson
880,Dodge,Ramcharger,1993,Green
881,Dodge,Caravan,2000,Aquamarine
882,Lincoln,Navigator,2001,Yellow
883,Pontiac,Firebird,1969,Mauv
884,BMW,7 Series,2000,Fuscia
885,Buick,LeSabre,1994,Goldenrod
886,Volkswagen,Type 2,1987,Aquamarine
887,Dodge,Daytona,1984,Pink
888,Buick,Enclave,2010,Goldenrod
889,Rolls-Royce,Phantom,2005,Khaki
890,Pontiac,Bonneville,2000,Crimson
891,Lexus,GS,2001,Khaki
892,Cadillac,Escalade ESV,2008,Turquoise
893,Subaru,Outback,2000,Crimson
894,Lexus,RX Hybrid,2007,Turquoise
895,Porsche,911,1988,Aquamarine
896,Dodge,Ram,2011,Green
897,Buick,Park Avenue,1993,Turquoise
898,Buick,LeSabre,2005,Orange
899,Buick,LeSabre,1990,Khaki
900,Chevrolet,Lumina,1999,Violet
901,Cadillac,STS,2007,Mauv
902,Chevrolet,Corvette,1989,Maroon
903,BMW,M5,2003,Mauv
904,Toyota,Prius,2006,Fuscia
905,Chevrolet,Sportvan G30,1996,Orange
906,Buick,Century,1993,Purple
907,Ford,F-Series Super Duty,2010,Turquoise
908,GMC,Sierra 1500,2007,Blue
909,BMW,M3,2004,Puce
910,Mercedes-Benz,E-Class,2005,Pink
911,Chevrolet,Camaro,1971,Green
912,Mitsubishi,Lancer Evolution,2003,Mauv
913,Porsche,Cayman,2008,Violet
914,Lexus,LS,2010,Violet
915,Ford,Falcon,1967,Indigo
916,Mercury,Grand Marquis,2011,Puce
917,Volkswagen,Tiguan,2010,Pink
918,Audi,A6,1998,Indigo
919,GMC,Yukon XL 2500,2008,Turquoise
920,Porsche,Cayenne,2011,Goldenrod
921,Ford,Explorer,2003,Purple
922,Chrysler,Concorde,1995,Aquamarine
923,Mitsubishi,GTO,1991,Aquamarine
924,Chevrolet,Classic,2005,Crimson
925,Saturn,VUE,2002,Mauv
926,Toyota,Avalon,2001,Puce
927,Volkswagen,Type 2,1987,Violet
928,Kia,Sephia,1998,Puce
929,Chevrolet,G-Series G20,1993,Puce
930,Toyota,T100,1995,Turquoise
931,Mercury,Tracer,1993,Aquamarine
932,Audi,S4,2000,Yellow
933,BMW,5 Series,1994,Indigo
934,Toyota,Highlander,2012,Maroon
935,Chrysler,Cirrus,1996,Blue
936,Mitsubishi,L300,1989,Indigo
937,Jaguar,XJ,2012,Turquoise
938,GMC,Yukon XL 1500,2008,Pink
939,Geo,Metro,1994,Orange
940,Lexus,LS,2008,Teal
941,Mercedes-Benz,E-Class,1990,Crimson
942,Mazda,Protege,1993,Yellow
943,Nissan,GT-R,2011,Blue
944,Eagle,Talon,1998,Mauv
945,Ford,Freestar,2004,Green
946,Mercedes-Benz,E-Class,2004,Turquoise
947,Ford,Th!nk,2002,Maroon
948,Maserati,Quattroporte,2009,Puce
949,Dodge,Ram 3500,1994,Teal
950,Ford,Flex,2009,Orange
951,Hyundai,Elantra,2003,Fuscia
952,Audi,TT,2006,Mauv
953,Audi,A4,2006,Crimson
954,Isuzu,Ascender,2009,Orange
955,Mazda,Mazda5,2012,Yellow
956,Mercedes-Benz,SL-Class,1996,Red
957,Ford,Thunderbird,2004,Maroon
958,Land Rover,Discovery,1997,Orange
959,Ford,Econoline E350,2002,Violet
960,Ford,Econoline E250,1998,Purple
961,Subaru,Outback,2002,Yellow
962,Volvo,C70,2006,Pink
963,Suzuki,XL-7,2006,Puce
964,Honda,Accord,2011,Goldenrod
965,Audi,A6,2002,Puce
966,Ford,Ranger,1991,Violet
967,Saturn,Aura,2007,Blue
968,Ford,E150,2012,Pink
969,GMC,Suburban 2500,1992,Purple
970,Honda,Odyssey,2012,Khaki
971,Saturn,S-Series,1992,Maroon
972,Alfa Romeo,Spider,1994,Maroon
973,Ford,E-Series,1993,Violet
974,Ford,Expedition,2006,Yellow
975,Ford,Laser,1987,Pink
976,Dodge,Durango,2000,Aquamarine
977,Infiniti,I,2000,Indigo
978,Chevrolet,Corvette,2009,Teal
979,Mercedes-Benz,SLK-Class,2010,Mauv
980,Ford,Windstar,2003,Indigo
981,Mercedes-Benz,G-Class,2010,Blue
982,Jaguar,X-Type,2005,Teal
983,Toyota,Land Cruiser,1999,Red
984,Mercury,Mystique,1997,Blue
985,Nissan,Versa,2009,Orange
986,Mercury,Tracer,1994,Maroon
987,Honda,del Sol,1996,Aquamarine
988,Kia,Forte,2011,Violet
989,Mazda,Miata MX-5,1993,Turquoise
990,Audi,A4,2010,Goldenrod
991,Toyota,Xtra,1992,Goldenrod
992,GMC,Jimmy,1994,Red
993,Chrysler,Sebring,2005,Violet
994,Ram,2500,2012,Teal
995,Toyota,Sequoia,2006,Red
996,BMW,530,2003,Pink
997,Pontiac,Fiero,1988,Maroon
998,Dodge,Avenger,1996,Blue
999,Chrysler,LHS,1997,Goldenrod
1000,Chrysler,Town & Country,1997,Pink
